<?xml version="1.0" encoding="utf-8"?>
<install type="adapter" version="1.5.0">
	<name>access</name>
    <component>com_access</component>
	<author>Joomila</author>
  	<version>1.5.2</version>
	<creationDate>May 2008</creationDate>
	<author>joomila - NOIX</author>
	<authorEmail>joomla@noix.com.br</authorEmail>
	<authorUrl>http://www.noix.com.br</authorUrl>
	<copyright>(C) 2009 All rights reserved.</copyright>
	<license>GNU/GPL</license>
	<description>Adapter Access Components</description>
	<files>
		<filename adapter="access">access.xml</filename>
		<filename type="controller">access.php</filename>
		<filename>views/administrator/tmpl/default.php</filename>
		<filename>views/administrator/view.html.php</filename>
	</files>
	<views>
		<administrator application="administrator" viewname="AccessAdapterViewAdministrator" title="Access">
			<tasks>
                <task name="Block">block</task>
             </tasks>
            <save>
                <aco_section type="text">com_modules</aco_section>
                <aco_value type="text">block</aco_value>
                <axo_section type="var">module</axo_section>
                <axo_value type="var">moduletitle</axo_value>
            </save>
            <load>
                <field>aco_value</field>
                <aco_section type="text">com_modules</aco_section>
                <aco_value type="text">block</aco_value>
                <axo_section type="var">module</axo_section>
                <axo_value type="var">moduletitle</axo_value>
            </load>
        </administrator>
	</views>
</install>