<?xml version="1.0" encoding="utf-8"?>
<install type="adapter" version="1.5.0">
	<name>content</name>
    <component>com_content</component>
	<author>Joomila</author>
  	<version>1.5.1</version>
	<creationDate>November 2008</creationDate>
	<author>joomila - NOIX</author>
	<authorEmail>joomla@noix.com.br</authorEmail>
	<authorUrl>http://www.noix.com.br</authorUrl>
	<copyright>(C) 2008 All rights reserved.</copyright>
	<license>GNU/GPL</license>
	<description>Adapter Content site/admin</description>
	<files>
		<filename adapter="content">content.xml</filename>
		<filename type="controller">content.php</filename>
		<filename type="plugin" name="PluginContent">plugin.php</filename>
		<filename>views/admin/tmpl/default.php</filename>
		<filename>views/admin/view.html.php</filename>
		<filename>views/site/tmpl/default.php</filename>
		<filename>views/site/view.html.php</filename>
	</files>
    <plugin>
        <admin>admin</admin>
        <site>site</site>
    </plugin>
	<views>
		<admin application="administrator" viewname="ContentViewAdmin" title="Backend">
			<tasks>
				<task name="New Item">add</task>
				<task name="Edit Item">edit</task>
				<task name="Save">save</task>
				<task name="Publish">publish</task>
                <task name="Unpublish">unpublish</task>
                <task name="Archive">archive</task>
                <task name="Unarchive">unarchive</task>
                <task name="Move Item">movesect</task>
                <task name="Copy Item">copy</task>
                <task name="Move to trash">remove</task>
                <task name="Reorder">saveorder</task>
                <task name="Frontpage">toggle_frontpage</task>
                <task name="Accesslevel">accesslevel</task>
			</tasks>
            <save>
                <aco_section type="text">com_content</aco_section>
                <aco_value type="text">category</aco_value>
                <axo_section type="var">catid</axo_section>
                <axo_value type="var">tasks</axo_value>
            </save>
            <load>
                <field>axo_value</field>
                <aco_section type="text">com_content</aco_section>
                <aco_value type="text">category</aco_value>
                <axo_section type="var">catid</axo_section>
                <axo_value></axo_value>
            </load>
		</admin>
		<site application="site" viewname="ContentViewSite" title="Frontend">
			<tasks>
				<task name="Acessar">access</task>
			</tasks>
            <save>
                <aco_section type="text">com_content</aco_section>
                <aco_value type="text">access</aco_value>
                <axo_section type="text">category</axo_section>
                <axo_value type="var">catid</axo_value>
            </save>
            <load>
                <field>aco_value</field>
                <aco_section type="text">com_content</aco_section>
                <aco_value type="text">access</aco_value>
                <axo_section type="text">category</axo_section>
                <axo_value type="var">catid</axo_value>
            </load>
		</site>
		<site application="site" viewname="ContentViewSite" title="Frontend">
			<tasks>
				<task name="New Item">add</task>
				<task name="Edit Item">edit</task>
			</tasks>
            <save>
                <aco_section type="text">com_content</aco_section>
                <aco_value type="text">category</aco_value>
                <axo_section type="var">catid</axo_section>
                <axo_value type="var">tasks</axo_value>
            </save>
            <load>
                <field>axo_value</field>
                <aco_section type="text">com_content</aco_section>
                <aco_value type="text">category</aco_value>
                <axo_section type="var">catid</axo_section>
                <axo_value></axo_value>
            </load>
		</site>
	</views>
</install>